Domain,AN Pass,GD Pass,AN Errors, GD Errors
yeh.so,false,false,REGISTRAR;REG_DATE;EXP_DATE,REGISTRAR;REG_DATE;EXP_DATE
xy.si,true,false,,REGISTRAR;REG_DATE;EXP_DATE
portalix.at,false,false,REGISTRAR;REG_DATE;EXP_DATE,REGISTRAR;REG_DATE;EXP_DATE
true,false,false,REGISTRAR;REG_DATE;EXP_DATE,REGISTRAR;REG_DATE;EXP_DATE
you.men,true,true,,
you.golf,true,true,,
Yay.osaka,false,false,REGISTRAR;REG_DATE;EXP_DATE,REGISTRAR;REG_DATE;EXP_DATE
yakatoot.kp,false,false,REGISTRAR;REG_DATE;EXP_DATE,REGISTRAR;REG_DATE;EXP_DATE
y.cg,false,false,REGISTRAR;REG_DATE;EXP_DATE,REGISTRAR;REG_DATE;EXP_DATE
xy.si,true,false,,REGISTRAR;REG_DATE;EXP_DATE
xn--wlq142f2xbiz4d.xn--55qx5d,false,false,REGISTRAR;REG_DATE;EXP_DATE,REGISTRAR;REG_DATE;EXP_DATE
xn--vt6b.xn--t60b56a,false,false,REGISTRAR;REG_DATE;EXP_DATE,REGISTRAR;REG_DATE;EXP_DATE
xn--vhquv.xn--vhquv,false,false,REGISTRAR;REG_DATE;EXP_DATE,REGISTRAR;REG_DATE;EXP_DATE
xn--tckwe.xn--tckwe,false,false,REGISTRAR;REG_DATE;EXP_DATE,REGISTRAR;REG_DATE;EXP_DATE
xn--s1aal.xn--80adxhks,false,false,REGISTRAR;REG_DATE;EXP_DATE,REGISTRAR;REG_DATE;EXP_DATE
xn--olcsbban-y3a.hu,false,false,REGISTRAR;REG_DATE;EXP_DATE,REGISTRAR;REG_DATE;EXP_DATE
xn--ogbaxlx4cshc.xn--ngbc5azd,false,false,REGISTRAR;REG_DATE;EXP_DATE,REGISTRAR;REG_DATE;EXP_DATE
xn--oby23q.xn--6qq986b3xl,false,false,REGISTRAR;REG_DATE;EXP_DATE,REGISTRAR;REG_DATE;EXP_DATE
xn--nqv7f.xn--nqv7f,false,false,REGISTRAR;REG_DATE;EXP_DATE,REGISTRAR;REG_DATE;EXP_DATE
xn--mgbu9cnf.xn--mgbab2bd,false,false,REGISTRAR;REG_DATE;EXP_DATE,REGISTRAR;REG_DATE;EXP_DATE
xn--kcrr60g.xn--io0a7i,false,false,REGISTRAR;REG_DATE;EXP_DATE,REGISTRAR;REG_DATE;EXP_DATE
xn--Ideal-7fd.az,false,false,REGISTRAR;REG_DATE;EXP_DATE,REGISTRAR;REG_DATE;EXP_DATE
xn--h1ah.xn--j1amh,false,false,REGISTRAR;REG_DATE;EXP_DATE,REGISTRAR;REG_DATE;EXP_DATE
xn--fjq720a.xn--fjq720a,false,false,REGISTRAR;REG_DATE;EXP_DATE,REGISTRAR;REG_DATE;EXP_DATE
xn--efv.xn--rhqv96g,false,false,REGISTRAR;REG_DATE;EXP_DATE,REGISTRAR;REG_DATE;EXP_DATE
xn--czrs0t.xn--czrs0t,false,false,REGISTRAR;REG_DATE;EXP_DATE,REGISTRAR;REG_DATE;EXP_DATE
xn--cpqw57q.xn--fiqs8s,false,false,REGISTRAR;REG_DATE;EXP_DATE,REGISTRAR;REG_DATE;EXP_DATE
xn--c2bna3cmhll5cie1ff3d.xn--11b4c3d,false,false,REGISTRAR;REG_DATE;EXP_DATE,REGISTRAR;REG_DATE;EXP_DATE
xn--80as4b.xn--90ae,false,false,REGISTRAR;REG_DATE;EXP_DATE,REGISTRAR;REG_DATE;EXP_DATE
xn--80akjeepbkum8a.xn--p1ai,false,false,REGISTRAR;REG_DATE;EXP_DATE,REGISTRAR;REG_DATE;EXP_DATE
xn--80ahccnmkfk4c3f.xn--80asehdb,false,false,REGISTRAR;REG_DATE;EXP_DATE,REGISTRAR;REG_DATE;EXP_DATE
xn--80aapfnbuimesm6d7b.xn--p1acf,false,false,REGISTRAR;REG_DATE;EXP_DATE,REGISTRAR;REG_DATE;EXP_DATE
xn--80aab1bo.xn--c1avg,false,false,REGISTRAR;REG_DATE;EXP_DATE,REGISTRAR;REG_DATE;EXP_DATE
xn--7or27v2x4aplm.xn--kpry57d,false,false,REGISTRAR;REG_DATE;EXP_DATE,REGISTRAR;REG_DATE;EXP_DATE
xn--7or27v2x4aplm.xn--j6w193g,false,false,REGISTRAR;REG_DATE;EXP_DATE,REGISTRAR;REG_DATE;EXP_DATE
xn--3ds443g.xn--6frz82g,false,false,REGISTRAR;REG_DATE;EXP_DATE,REGISTRAR;REG_DATE;EXP_DATE
xn--31buv2bb1mdn.xn--h2brj9c,false,false,REGISTRAR;REG_DATE;EXP_DATE,REGISTRAR;REG_DATE;EXP_DATE
xinxinxinxinxinxinxinxinxinxinxinxinxinxinxinxinxinxinxinxinxin.xin,false,false,REGISTRAR;REG_DATE;EXP_DATE,REGISTRAR;REG_DATE;EXP_DATE
www.business-calendars.com,false,false,REGISTRAR;REG_DATE;EXP_DATE,REGISTRAR;REG_DATE;EXP_DATE
wr.rw,false,false,REGISTRAR;REG_DATE;EXP_DATE,REGISTRAR;REG_DATE;EXP_DATE
wound.ca,true,false,,REGISTRAR;REG_DATE;EXP_DATE
wmy.cn,true,true,,
winin.vegas,false,true,REGISTRAR,
wi.je,false,false,REGISTRAR;REG_DATE;EXP_DATE,REGISTRAR;REG_DATE;EXP_DATE
wellnesshotel.bayern,true,true,,
weightwatcher.diet,false,true,REGISTRAR;REG_DATE;EXP_DATE,
wefix.homes,false,true,REGISTRAR;REG_DATE;EXP_DATE,
webshop.software,true,true,,
webpage.spa,false,false,REGISTRAR;REG_DATE;EXP_DATE,REGISTRAR;REG_DATE;EXP_DATE
webpage.rugby,false,false,REGISTRAR;REG_DATE;EXP_DATE,REGISTRAR;REG_DATE;EXP_DATE
webpage.krd,false,false,REGISTRAR;REG_DATE;EXP_DATE,REGISTRAR;REG_DATE;EXP_DATE
webpage.forum,false,false,REGISTRAR;REG_DATE;EXP_DATE,REGISTRAR;REG_DATE;EXP_DATE
webpage.basketball,false,false,REGISTRAR;REG_DATE;EXP_DATE,REGISTRAR;REG_DATE;EXP_DATE
webmaking.science,true,true,,
webmail.fun,true,true,,
wear.video,true,true,,
vpn.baby,false,true,REGISTRAR;REG_DATE;EXP_DATE,
VOIP.gd,false,false,REGISTRAR;REG_DATE;EXP_DATE,REGISTRAR;REG_DATE;EXP_DATE
voicemail.app,true,true,,
vo.ci,false,false,REGISTRAR;REG_DATE;EXP_DATE,REGISTRAR;REG_DATE;EXP_DATE
vitiligo.skin,false,true,REGISTRAR;REG_DATE;EXP_DATE,
visual.gallery,true,true,,
visit.nagoya,true,true,,
virtual.horse,true,true,,
vip.theater,true,true,,
vip.rent,false,true,REGISTRAR;REG_DATE;EXP_DATE,
vip.plus,true,true,,
vip.jewelry,true,true,,
vip.coupons,true,true,,
victoriasecret.pink,false,false,REGISTRAR;REG_DATE;EXP_DATE,REGISTRAR;REG_DATE;EXP_DATE
verification.id,false,false,REGISTRAR;REG_DATE;EXP_DATE,REGISTRAR;REG_DATE;EXP_DATE
venturecapital.technology,false,false,REGISTRAR;REG_DATE;EXP_DATE,REGISTRAR;REG_DATE;EXP_DATE
vehicles.vip,true,true,,
vegetables.farm,true,true,,
veg.tips,true,true,,
vantage.capital,true,true,,
vancouver.plumbing,true,true,,
vaccine.education,true,true,,
uty.pe,false,false,REGISTRAR;REG_DATE;EXP_DATE,REGISTRAR;REG_DATE;EXP_DATE
ussarizona.memorial,true,true,,
upload.ltd,true,true,,
UNIQUE.gifts,true,true,,
uhaul.storage,false,true,REGISTRAR;REG_DATE;EXP_DATE,
ucia.gov,false,false,REGISTRAR;REG_DATE;EXP_DATE,REGISTRAR;REG_DATE;EXP_DATE
ub.uy,false,false,REGISTRAR;REG_DATE;EXP_DATE,REGISTRAR;REG_DATE;EXP_DATE
uae.industries,true,true,,
uae.delivery,true,true,,
twitter.ke,false,false,REGISTRAR;REG_DATE;EXP_DATE,REGISTRAR;REG_DATE;EXP_DATE
twitter.cat,false,false,REGISTRAR;REG_DATE;EXP_DATE,REGISTRAR;REG_DATE;EXP_DATE
twe.et,false,false,REGISTRAR;REG_DATE;EXP_DATE,REGISTRAR;REG_DATE;EXP_DATE
TruckLeader.com,true,true,,
tru.fit,true,true,,
trip.fyi,true,true,,
trip-advance.ru,true,true,,
transparen.cy,false,false,REGISTRAR;REG_DATE;EXP_DATE,REGISTRAR;REG_DATE;EXP_DATE
trademarks.page,true,true,,
trademark.international,true,true,,
toyota.qa,false,false,REGISTRAR;REG_DATE;EXP_DATE,REGISTRAR;REG_DATE;EXP_DATE
tour.realestate,true,true,,
tour.kim,true,true,,
totvs.cloud,true,true,,
torrents.pk,false,false,REGISTRAR;REG_DATE;EXP_DATE,REGISTRAR;REG_DATE;EXP_DATE
TOKYO.holiday,true,true,,
token.charity,true,true,,
tiny.lk,false,false,REGISTRAR;REG_DATE;EXP_DATE,REGISTRAR;REG_DATE;EXP_DATE
thepiratebay.sr,false,false,REGISTRAR;REG_DATE;EXP_DATE,REGISTRAR;REG_DATE;EXP_DATE
thei.st,false,false,REG_DATE;EXP_DATE,REGISTRAR;REG_DATE;EXP_DATE
the.gent,false,false,REGISTRAR;REG_DATE;EXP_DATE,REGISTRAR;REG_DATE;EXP_DATE
ThaiChicks.asia,true,true,,
thaiboy.wien,false,false,REGISTRAR;REG_DATE;EXP_DATE,REGISTRAR;REG_DATE;EXP_DATE
texas.contractors,true,true,,
test.immobilien,false,false,REGISTRAR;REG_DATE;EXP_DATE,REGISTRAR;REG_DATE;EXP_DATE
tennis-live.stream,true,true,,
tengo.gripe,true,true,,
teneriffa.reisen,true,true,,
template.me,true,true,,
tehran.tennis,true,true,,
teach.guitars,false,true,REGISTRAR;REG_DATE;EXP_DATE,
te.gl,false,false,REGISTRAR;REG_DATE;EXP_DATE,REGISTRAR;REG_DATE;EXP_DATE
tax.vg,false,true,REGISTRAR;REG_DATE;EXP_DATE,
tag.agency,true,true,,
symphonic.audio,false,true,REGISTRAR;REG_DATE;EXP_DATE,
super.car,false,true,REGISTRAR;REG_DATE;EXP_DATE,
stripper.pub,false,false,REGISTRAR;REG_DATE;EXP_DATE,REGISTRAR;REG_DATE;EXP_DATE
store.cologne,false,false,REGISTRAR;REG_DATE;EXP_DATE,REGISTRAR;REG_DATE;EXP_DATE
stockmarket.scot,false,false,REGISTRAR;REG_DATE;EXP_DATE,REGISTRAR;REG_DATE;EXP_DATE
StockMarket.exchange,true,true,,
stea.ls,false,false,REGISTRAR;REG_DATE;EXP_DATE,REGISTRAR;REG_DATE;EXP_DATE
StartA.club,true,true,,
stairlifts.forsale,true,true,,
sta.gg,false,false,REGISTRAR;REG_DATE;EXP_DATE,REGISTRAR;REG_DATE;EXP_DATE
squ.ad,false,false,REGISTRAR;REG_DATE;EXP_DATE,REGISTRAR;REG_DATE;EXP_DATE
SPORT.nf,false,false,REGISTRAR;REG_DATE;EXP_DATE,REGISTRAR;REG_DATE;EXP_DATE
sport.football,true,true,,
sport.as,false,false,REGISTRAR;REG_DATE;EXP_DATE,REGISTRAR;REG_DATE;EXP_DATE
specialty.tires,true,true,,
sorceress.mom,false,false,REGISTRAR;REG_DATE;EXP_DATE,REGISTRAR;REG_DATE;EXP_DATE
somoschile.cl,true,false,,REGISTRAR;REG_DATE;EXP_DATE
solarfarm.investments,false,false,REGISTRAR;REG_DATE;EXP_DATE,REGISTRAR;REG_DATE;EXP_DATE
snu.dev,false,false,REGISTRAR;REG_DATE;EXP_DATE,REGISTRAR;REG_DATE;EXP_DATE
smsf.accountants,true,true,,
slots.tt,false,false,REGISTRAR;REG_DATE;EXP_DATE,REGISTRAR;REG_DATE;EXP_DATE
slotmachines.casino,true,true,,
sites.immo,true,true,,
site.sb,false,false,REGISTRAR;REG_DATE;EXP_DATE,REGISTRAR;REG_DATE;EXP_DATE
SINCITY.adult,false,false,REGISTRAR;REG_DATE;EXP_DATE,REGISTRAR;REG_DATE;EXP_DATE
simple.earth,true,true,,
shopping.ac,false,false,REGISTRAR;REG_DATE;EXP_DATE,REGISTRAR;REG_DATE;EXP_DATE
ship.ua,false,false,REGISTRAR;REG_DATE;EXP_DATE,REGISTRAR;REG_DATE;EXP_DATE
sexworld.sk,false,false,REGISTRAR;REG_DATE;EXP_DATE,REGISTRAR;REG_DATE;EXP_DATE
sexuallesson.cz,false,false,REGISTRAR;REG_DATE;EXP_DATE,REGISTRAR;REG_DATE;EXP_DATE
sexcity.kr,false,true,REGISTRAR,
sexchat.so,false,false,REGISTRAR;REG_DATE;EXP_DATE,REGISTRAR;REG_DATE;EXP_DATE
SEXBOM.ba,false,false,REGISTRAR;REG_DATE;EXP_DATE,REGISTRAR;REG_DATE;EXP_DATE
sex.ec,false,false,REGISTRAR;REG_DATE;EXP_DATE,REGISTRAR;REG_DATE;EXP_DATE
sex.bj,false,false,REGISTRAR;REG_DATE;EXP_DATE,REGISTRAR;REG_DATE;EXP_DATE
seocontent.marketing,true,true,,
seo.vi,false,false,REGISTRAR;REG_DATE;EXP_DATE,REGISTRAR;REG_DATE;EXP_DATE
seo.nc,false,false,REGISTRAR;REG_DATE;EXP_DATE,REGISTRAR;REG_DATE;EXP_DATE
seo.mv,false,false,REGISTRAR;REG_DATE;EXP_DATE,REGISTRAR;REG_DATE;EXP_DATE
seo.gf,false,false,REGISTRAR;REG_DATE;EXP_DATE,REGISTRAR;REG_DATE;EXP_DATE
seo.cv,false,false,REGISTRAR;REG_DATE;EXP_DATE,REGISTRAR;REG_DATE;EXP_DATE
seo.bm,false,false,REGISTRAR;REG_DATE;EXP_DATE,REGISTRAR;REG_DATE;EXP_DATE
selfie.cards,true,true,,
security.finance,true,true,,
Secondhand.camera,true,true,,
sdn.link,true,true,,
Scottsdale.pro,true,true,,
scotch-soda.clothing,true,true,,
schweiz.gmbh,true,true,,
schoolof.dance,false,false,REGISTRAR;REG_DATE;EXP_DATE,REGISTRAR;REG_DATE;EXP_DATE
school.lb,false,false,REGISTRAR;REG_DATE;EXP_DATE,REGISTRAR;REG_DATE;EXP_DATE
scenic.africa,false,false,REGISTRAR;REG_DATE;EXP_DATE,REGISTRAR;REG_DATE;EXP_DATE
scamconsumer.review,false,false,REGISTRAR;REG_DATE;EXP_DATE,REGISTRAR;REG_DATE;EXP_DATE
sale.apartments,true,true,,
saks.shoes,false,false,REGISTRAR;REG_DATE;EXP_DATE,REGISTRAR;REG_DATE;EXP_DATE
sailing.yachts,false,true,REGISTRAR;REG_DATE;EXP_DATE,
Safe.glass,true,true,,
RutherfordCounty.name,false,false,REGISTRAR;REG_DATE;EXP_DATE,REG_DATE;EXP_DATE
roi.center,true,true,,
rocket.systems,true,true,,
rocket.partners,true,true,,
rob.monster,false,true,REGISTRAR;REG_DATE;EXP_DATE,
rnt.bz,false,false,REGISTRAR;REG_DATE;EXP_DATE,REGISTRAR;REG_DATE;EXP_DATE
ritz.capetown,false,false,REGISTRAR;REG_DATE;EXP_DATE,REGISTRAR;REG_DATE;EXP_DATE
Risky.markets,false,false,REGISTRAR;REG_DATE;EXP_DATE,REGISTRAR;REG_DATE;EXP_DATE
rich.tours,true,true,,
rich.photography,true,true,,
Rich.group,true,true,,
rich.gold,true,true,,
revolver.film,true,true,,
review.law,true,true,,
ReverseHome.mortgage,true,true,,
ReverseHome.loan,true,true,,
restaurant.cab,true,true,,
rentmy.limo,false,false,REGISTRAR;REG_DATE;EXP_DATE,REGISTRAR;REG_DATE;EXP_DATE
reference.cc,true,true,,
redor.black,true,true,,
realtor.band,true,true,,
RawFood.mobi,true,true,,
rate.insure,true,true,,
rare.hair,false,true,REGISTRAR;REG_DATE;EXP_DATE,
qxn.ren,false,false,REGISTRAR;REG_DATE;EXP_DATE,REGISTRAR;REG_DATE;EXP_DATE
quotes.cool,true,true,,
quote.digital,true,true,,
quirky.sucks,false,false,REGISTRAR;REG_DATE;EXP_DATE,REGISTRAR;REG_DATE;EXP_DATE
quirky.bs,false,false,REGISTRAR;REG_DATE;EXP_DATE,REGISTRAR;REG_DATE;EXP_DATE
quero.vc,false,false,REGISTRAR;REG_DATE;EXP_DATE,REGISTRAR;REG_DATE;EXP_DATE
quality.institute,true,true,,
puzzle.ninja,true,true,,
pussy.do,false,false,REGISTRAR;REG_DATE;EXP_DATE,REGISTRAR;REG_DATE;EXP_DATE
pussy.cd,false,false,REGISTRAR;REG_DATE;EXP_DATE,REGISTRAR;REG_DATE;EXP_DATE
psychics.la,false,true,REG_DATE;EXP_DATE,
prostitutes.su,false,false,REGISTRAR;REG_DATE;EXP_DATE,REGISTRAR;REG_DATE;EXP_DATE
programming.codes,true,true,,
prints.photo,true,true,,
price.company,true,true,,
prettygirl.sexy,false,false,REGISTRAR;REG_DATE;EXP_DATE,REGISTRAR;REG_DATE;EXP_DATE
PREMIUM.supply,true,true,,
portalix.pt,false,false,REGISTRAR;REG_DATE;EXP_DATE,REGISTRAR;REG_DATE;EXP_DATE
portalix.pl,false,false,REGISTRAR;REG_DATE;EXP_DATE,REGISTRAR;REG_DATE;EXP_DATE
portalix.nl,false,false,REGISTRAR;REG_DATE;EXP_DATE,REGISTRAR;REG_DATE;EXP_DATE
portalix.li,false,false,REGISTRAR;REG_DATE;EXP_DATE,REG_DATE;EXP_DATE
portalix.it,true,false,,REGISTRAR;REG_DATE;EXP_DATE
portalix.gr,false,false,REGISTRAR;REG_DATE;EXP_DATE,REGISTRAR;REG_DATE;EXP_DATE
portalix.fr,true,false,,EXP_DATE
portalix.dk,false,false,REGISTRAR,REGISTRAR
portalix.ch,false,false,REGISTRAR;REG_DATE;EXP_DATE,REGISTRAR;REG_DATE;EXP_DATE
portalix.be,false,false,EXP_DATE,REGISTRAR;REG_DATE;EXP_DATE
portalix.at,false,false,REGISTRAR;REG_DATE;EXP_DATE,REGISTRAR;REG_DATE;EXP_DATE
pornstar.directory,true,true,,
Porns.gay,true,true,,
porn.xn--q9jyb4c,false,false,REGISTRAR;REG_DATE;EXP_DATE,REGISTRAR;REG_DATE;EXP_DATE
porn.pr,false,false,REGISTRAR;REG_DATE;EXP_DATE,REGISTRAR;REG_DATE;EXP_DATE
pop.pn,false,false,REGISTRAR;REG_DATE;EXP_DATE,REGISTRAR;REG_DATE;EXP_DATE
pokerstars.world,true,true,,
poker.mg,false,false,REGISTRAR;REG_DATE;EXP_DATE,REGISTRAR;REG_DATE;EXP_DATE
poker.bw,false,false,REGISTRAR;REG_DATE;EXP_DATE,REGISTRAR;REG_DATE;EXP_DATE
pokemon.degree,false,false,REGISTRAR;REG_DATE;EXP_DATE,REGISTRAR;REG_DATE;EXP_DATE
pod.taxi,true,true,,
PNY.tech,false,true,REGISTRAR;REG_DATE;EXP_DATE,
plugandplay.joburg,false,false,REGISTRAR;REG_DATE;EXP_DATE,REGISTRAR;REG_DATE;EXP_DATE
platinum.financial,true,true,,
placestogo.nyc,true,false,,REGISTRAR
pizza.yokohama,true,true,,
pin.tw,true,true,,
PILOT.supplies,true,true,,
pickup.green,true,true,,
phu.nu,false,false,REGISTRAR;REG_DATE;EXP_DATE,REGISTRAR;REG_DATE;EXP_DATE
pho.recipes,true,true,,
Pharm.bio,true,true,,
pga.watch,false,false,REGISTRAR;REG_DATE;EXP_DATE,REGISTRAR;REG_DATE;EXP_DATE
peso.ar,false,false,REGISTRAR;REG_DATE;EXP_DATE,REGISTRAR;REG_DATE;EXP_DATE
pepsi.ma,false,false,REGISTRAR;REG_DATE;EXP_DATE,REGISTRAR;REG_DATE;EXP_DATE
pepsi.lc,false,false,REGISTRAR;REG_DATE;EXP_DATE,REGISTRAR;REG_DATE;EXP_DATE
pearl.lv,false,false,REGISTRAR;REG_DATE;EXP_DATE,REGISTRAR;REG_DATE;EXP_DATE
paramedic.school,true,true,,
papermoon.istanbul,false,false,REGISTRAR;REG_DATE;EXP_DATE,REGISTRAR;REG_DATE;EXP_DATE
pak.ag,false,false,REGISTRAR;REG_DATE;EXP_DATE,REGISTRAR;REG_DATE;EXP_DATE
outlet.bike,true,true,,
our.community,true,true,,
organic.soy,false,false,REGISTRAR;REG_DATE;EXP_DATE,REGISTRAR;REG_DATE;EXP_DATE
onlinefilm.website,true,true,,
one.wales,true,true,,
olympics.training,true,true,,
olympics.ph,false,false,REGISTRAR;REG_DATE;EXP_DATE,REGISTRAR;REG_DATE;EXP_DATE
olympics.my,false,false,REGISTRAR;REG_DATE;EXP_DATE,REGISTRAR;REG_DATE;EXP_DATE
ogaracoach.cars,false,false,REGISTRAR;REG_DATE;EXP_DATE,REGISTRAR;REG_DATE;EXP_DATE
offers.blackfriday,true,true,,
ocs.construction,true,true,,
occu.lt,false,false,EXP_DATE,REGISTRAR;REG_DATE;EXP_DATE
obamataxcare.jobs,false,false,REGISTRAR;REG_DATE;EXP_DATE,REGISTRAR;REG_DATE;EXP_DATE
oasis.dm,false,false,REGISTRAR;REG_DATE;EXP_DATE,REGISTRAR;REG_DATE;EXP_DATE
nyc.credit,true,true,,
nudetube.pw,false,false,REGISTRAR;REG_DATE;EXP_DATE,REGISTRAR;REG_DATE;EXP_DATE
np.org,true,true,,
norsktorsk.no,false,false,EXP_DATE,REGISTRAR;REG_DATE;EXP_DATE
nocost.solar,true,true,,
NOBU.gs,false,true,REG_DATE;EXP_DATE,
nftoken.by,false,false,REGISTRAR;REG_DATE;EXP_DATE,REGISTRAR;REG_DATE;EXP_DATE
nft.saarland,false,false,REGISTRAR;REG_DATE;EXP_DATE,REGISTRAR;REG_DATE;EXP_DATE
nft.corsica,false,false,REGISTRAR;REG_DATE;EXP_DATE,REGISTRAR;REG_DATE;EXP_DATE
next.koeln,false,false,REGISTRAR;REG_DATE;EXP_DATE,REGISTRAR;REG_DATE;EXP_DATE
net.lease,true,true,,
nano.voto,false,false,REGISTRAR;REG_DATE;EXP_DATE,REGISTRAR;REG_DATE;EXP_DATE
naked.io,true,false,,REGISTRAR
MyFavorite.restaurant,true,true,,
muzik.productions,false,false,REGISTRAR;REG_DATE;EXP_DATE,REGISTRAR;REG_DATE;EXP_DATE
Music.vacations,true,true,,
mushroom.one,true,true,,
MSU.vet,true,true,,
movie.hosting,false,true,REGISTRAR;REG_DATE;EXP_DATE,
mortgages.bh,false,false,REGISTRAR;REG_DATE;EXP_DATE,REGISTRAR;REG_DATE;EXP_DATE
moda.social,true,true,,
MIS.photos,true,true,,
MILEHIGH.wtf,false,false,REGISTRAR;REG_DATE;EXP_DATE,REGISTRAR;REG_DATE;EXP_DATE
MILEHIGH.wiki,true,true,,
MILEHIGH.vision,false,false,REGISTRAR;REG_DATE;EXP_DATE,REGISTRAR;REG_DATE;EXP_DATE
MILEHIGH.villas,false,false,REGISTRAR;REG_DATE;EXP_DATE,REGISTRAR;REG_DATE;EXP_DATE
MILEHIGH.surgery,false,false,REGISTRAR;REG_DATE;EXP_DATE,REGISTRAR;REG_DATE;EXP_DATE
MILEHIGH.services,false,false,REGISTRAR;REG_DATE;EXP_DATE,REGISTRAR;REG_DATE;EXP_DATE
MILEHIGH.republican,false,false,REGISTRAR;REG_DATE;EXP_DATE,REGISTRAR;REG_DATE;EXP_DATE
MILEHIGH.rentals,false,false,REGISTRAR;REG_DATE;EXP_DATE,REGISTRAR;REG_DATE;EXP_DATE
MILEHIGH.press,false,false,REGISTRAR;REG_DATE;EXP_DATE,REGISTRAR;REG_DATE;EXP_DATE
MILEHIGH.luxury,false,false,REGISTRAR;REG_DATE;EXP_DATE,REGISTRAR;REG_DATE;EXP_DATE
MILEHIGH.ink,false,false,REGISTRAR;REG_DATE;EXP_DATE,REGISTRAR;REG_DATE;EXP_DATE
MILEHIGH.healthcare,false,false,REGISTRAR;REG_DATE;EXP_DATE,REGISTRAR;REG_DATE;EXP_DATE
MILEHIGH.guide,false,false,REGISTRAR;REG_DATE;EXP_DATE,REGISTRAR;REG_DATE;EXP_DATE
MILEHIGH.futbol,false,false,REGISTRAR;REG_DATE;EXP_DATE,REGISTRAR;REG_DATE;EXP_DATE
MILEHIGH.fitness,false,false,REGISTRAR;REG_DATE;EXP_DATE,REGISTRAR;REG_DATE;EXP_DATE
MILEHIGH.fish,false,false,REGISTRAR;REG_DATE;EXP_DATE,REGISTRAR;REG_DATE;EXP_DATE
MILEHIGH.fail,false,false,REGISTRAR;REG_DATE;EXP_DATE,REGISTRAR;REG_DATE;EXP_DATE
MILEHIGH.dental,false,false,REGISTRAR;REG_DATE;EXP_DATE,REGISTRAR;REG_DATE;EXP_DATE
MILEHIGH.democrat,false,false,REGISTRAR;REG_DATE;EXP_DATE,REGISTRAR;REG_DATE;EXP_DATE
MILEHIGH.deals,false,false,REGISTRAR;REG_DATE;EXP_DATE,REGISTRAR;REG_DATE;EXP_DATE
MILEHIGH.condos,true,true,,
MILEHIGH.clinic,false,false,REGISTRAR;REG_DATE;EXP_DATE,REGISTRAR;REG_DATE;EXP_DATE
MILEHIGH.church,true,true,,
MILEHIGH.cheap,false,false,REGISTRAR;REG_DATE;EXP_DATE,REGISTRAR;REG_DATE;EXP_DATE
MILEHIGH.cash,false,false,REGISTRAR;REG_DATE;EXP_DATE,REGISTRAR;REG_DATE;EXP_DATE
MILEHIGH.actor,false,false,REGISTRAR;REG_DATE;EXP_DATE,REGISTRAR;REG_DATE;EXP_DATE
mi.ni,false,false,REGISTRAR;REG_DATE;EXP_DATE,REGISTRAR;REG_DATE;EXP_DATE
metaquest.abogado,false,false,REGISTRAR;REG_DATE;EXP_DATE,REGISTRAR;REG_DATE;EXP_DATE
MetaDating.sbs,false,false,REGISTRAR;REG_DATE;EXP_DATE,REGISTRAR;REG_DATE;EXP_DATE
meta.xn--xhq521b,false,false,REGISTRAR;REG_DATE;EXP_DATE,REGISTRAR;REG_DATE;EXP_DATE
meta.xn--1qqw23a,false,false,REGISTRAR;REG_DATE;EXP_DATE,REGISTRAR;REG_DATE;EXP_DATE
memorials.ie,false,false,REGISTRAR;REG_DATE;EXP_DATE,REGISTRAR;REG_DATE;EXP_DATE
memelard.au,false,false,REGISTRAR;REG_DATE;EXP_DATE,REGISTRAR;REG_DATE;EXP_DATE
MEGAPOL.is,false,false,REGISTRAR;REG_DATE;EXP_DATE,REGISTRAR;REG_DATE;EXP_DATE
medicare.voting,false,false,REGISTRAR;REG_DATE;EXP_DATE,REGISTRAR;REG_DATE;EXP_DATE
MEDIA.travel,true,true,,
mazeltov.wedding,true,true,,
mawal-active.jo,false,false,REGISTRAR;REG_DATE;EXP_DATE,REGISTRAR;REG_DATE;EXP_DATE
math.town,true,true,,
Mart.aero,false,false,REGISTRAR;REG_DATE;EXP_DATE,REGISTRAR;REG_DATE;EXP_DATE
marketplace.mp,false,false,REGISTRAR;REG_DATE;EXP_DATE,REGISTRAR;REG_DATE;EXP_DATE
marken.discount,true,true,,
mark.sg,false,false,REGISTRAR;REG_DATE;EXP_DATE,REGISTRAR;REG_DATE;EXP_DATE
Marijuana.gn,false,false,REGISTRAR;REG_DATE;EXP_DATE,REGISTRAR;REG_DATE;EXP_DATE
mail.sl,false,false,REG_DATE;EXP_DATE,REGISTRAR;REG_DATE;EXP_DATE
mail.sarl,true,true,,
mail.organic,true,false,,REGISTRAR;REG_DATE;EXP_DATE
mail.fan,true,true,,
magic.kitchen,true,true,,
macrosoft.ir,false,false,REGISTRAR;REG_DATE;EXP_DATE,REGISTRAR;REG_DATE;EXP_DATE
macau.yoga,true,true,,
macau.lol,false,true,REGISTRAR;REG_DATE;EXP_DATE,
lung-cancer.gdn,false,false,REGISTRAR;REG_DATE;EXP_DATE,REGISTRAR;REG_DATE;EXP_DATE
lucky.amsterdam,false,false,REGISTRAR;REG_DATE;EXP_DATE,REGISTRAR;REG_DATE;EXP_DATE
lts.host,true,true,,
low.lat,false,false,REGISTRAR;REG_DATE;EXP_DATE,REGISTRAR;REG_DATE;EXP_DATE
love.cafe,true,true,,
LOVA.love,false,false,REGISTRAR;REG_DATE;EXP_DATE,REGISTRAR;REG_DATE;EXP_DATE
look.ist,true,true,,
londoncommercial.lawyer,false,false,REGISTRAR;REG_DATE;EXP_DATE,REGISTRAR;REG_DATE;EXP_DATE
location.tools,true,true,,
local.theatre,false,false,REGISTRAR;REG_DATE;EXP_DATE,REGISTRAR;REG_DATE;EXP_DATE
livelife.site,true,false,,REGISTRAR;REG_DATE;EXP_DATE
linux.ly,false,false,REGISTRAR;REG_DATE;EXP_DATE,REGISTRAR;REG_DATE;EXP_DATE
LINKEDIN.tc,false,false,REGISTRAR;REG_DATE;EXP_DATE,REGISTRAR;REG_DATE;EXP_DATE
linkedin.md,false,false,REGISTRAR;REG_DATE;EXP_DATE,REGISTRAR;REG_DATE;EXP_DATE
link.sx,false,false,REGISTRAR;REG_DATE;EXP_DATE,REGISTRAR;REG_DATE;EXP_DATE
les.bo,false,false,REGISTRAR;REG_DATE;EXP_DATE,REGISTRAR;REG_DATE;EXP_DATE
legos.build,false,false,REGISTRAR;REG_DATE;EXP_DATE,REGISTRAR;REG_DATE;EXP_DATE
lebe.berlin,false,true,REGISTRAR,
learnautomotive.repair,true,true,,
larsen.us,true,true,,
Laptops.rs,true,false,,REGISTRAR;REG_DATE;EXP_DATE
l.fo,false,false,REG_DATE;EXP_DATE,REGISTRAR;REG_DATE;EXP_DATE
kudos.to,false,false,REGISTRAR;REG_DATE;EXP_DATE,REGISTRAR;REG_DATE;EXP_DATE
king.lu,false,false,REG_DATE;EXP_DATE,REGISTRAR;REG_DATE;EXP_DATE
kiev.tattoo,true,true,,
key.enterprises,true,true,,
KevinH.art,false,true,REGISTRAR;REG_DATE;EXP_DATE,
kel.vin,true,true,,
KanAllt.se,true,false,,REGISTRAR;REG_DATE;EXP_DATE
kaminofen.kaufen,true,true,,
k.ki,false,false,REGISTRAR;REG_DATE;EXP_DATE,REGISTRAR;REG_DATE;EXP_DATE
k.cr,false,false,REGISTRAR;REG_DATE;EXP_DATE,REGISTRAR;REG_DATE;EXP_DATE
Julphar.edu,false,false,REGISTRAR;REG_DATE;EXP_DATE,REGISTRAR;REG_DATE;EXP_DATE
juega.poker,true,true,,
judo.expert,true,true,,
json.compare,false,false,REGISTRAR;REG_DATE;EXP_DATE,REGISTRAR;REG_DATE;EXP_DATE
jiao.ao,false,false,REGISTRAR;REG_DATE;EXP_DATE,REGISTRAR;REG_DATE;EXP_DATE
jets.im,false,false,REG_DATE,REGISTRAR;REG_DATE;EXP_DATE
jackpots.win,true,true,,
itry2.cyou,false,false,REGISTRAR;REG_DATE;EXP_DATE,REGISTRAR;REG_DATE;EXP_DATE
italian.work,true,true,,
ipp.kg,false,false,REGISTRAR;REG_DATE;EXP_DATE,REGISTRAR;REG_DATE;EXP_DATE
iphone.college,false,false,REGISTRAR;REG_DATE;EXP_DATE,REGISTRAR;REG_DATE;EXP_DATE
investopedia.cam,false,false,REGISTRAR;REG_DATE;EXP_DATE,REGISTRAR;REG_DATE;EXP_DATE
internet.university,true,true,,
insure.kiwi,false,true,REGISTRAR;REG_DATE;EXP_DATE,
ingles.gratis,true,true,,
infosys.limited,true,true,,
informationalenergy.autos,false,false,REGISTRAR;REG_DATE;EXP_DATE,REGISTRAR;REG_DATE;EXP_DATE
industrial.furniture,true,true,,
inbox.irish,true,true,,
Immunotherapy.rehab,true,true,,
image.vn,false,false,REGISTRAR;REG_DATE;EXP_DATE,REGISTRAR;REG_DATE;EXP_DATE
ilaw.eu,false,false,REG_DATE;EXP_DATE,REGISTRAR;REG_DATE;EXP_DATE
igaming.studio,true,true,,
ig.ht,false,false,REG_DATE;EXP_DATE,REGISTRAR;REG_DATE;EXP_DATE
IDNs.space,false,false,REGISTRAR;REG_DATE;EXP_DATE,REGISTRAR;REG_DATE;EXP_DATE
hydroponics.garden,true,true,,
hyderabad.shiksha,true,true,,
Hung.jp,false,false,REGISTRAR;REG_DATE;EXP_DATE,REGISTRAR
how.makeup,false,true,REGISTRAR;REG_DATE;EXP_DATE,
hotels.singles,true,true,,
hotels.blue,true,true,,
hot.gal,false,false,REGISTRAR;REG_DATE;EXP_DATE,REGISTRAR;REG_DATE;EXP_DATE
hosting.wf,false,false,REGISTRAR;REG_DATE;EXP_DATE,REGISTRAR;REG_DATE;EXP_DATE
hosting.tn,false,false,REGISTRAR;REG_DATE;EXP_DATE,REGISTRAR;REG_DATE;EXP_DATE
host.iq,false,false,REGISTRAR;REG_DATE;EXP_DATE,REGISTRAR;REG_DATE;EXP_DATE
HOMES.life,true,true,,
home.select,false,false,REGISTRAR;REG_DATE;EXP_DATE,REGISTRAR;REG_DATE;EXP_DATE
home.report,true,true,,
hnkhajduk.hr,false,false,REGISTRAR;REG_DATE;EXP_DATE,REGISTRAR;REG_DATE;EXP_DATE
his.beauty,false,true,REGISTRAR;REG_DATE;EXP_DATE,
hiranandani.builders,true,true,,
hebrew.nz,false,false,REGISTRAR;REG_DATE;EXP_DATE,REGISTRAR;REG_DATE;EXP_DATE
hearts.game,false,true,REGISTRAR;REG_DATE;EXP_DATE,
healthinsurance.bot,false,false,REGISTRAR;REG_DATE;EXP_DATE,REGISTRAR;REG_DATE;EXP_DATE
harleystreet.physio,false,false,REGISTRAR;REG_DATE;EXP_DATE,REGISTRAR;REG_DATE;EXP_DATE
hansesex.bar,false,false,REGISTRAR;REG_DATE;EXP_DATE,REGISTRAR;REG_DATE;EXP_DATE
hackers.yt,false,false,REGISTRAR;REG_DATE;EXP_DATE,REGISTRAR;REG_DATE;EXP_DATE
hacker.pm,false,false,REGISTRAR;REG_DATE;EXP_DATE,REGISTRAR;REG_DATE;EXP_DATE
gulmarg.ski,true,true,,
Guide.voyage,true,true,,
great.boston,true,true,,
graphic.land,true,true,,
gov.bond,false,false,REGISTRAR;REG_DATE;EXP_DATE,REGISTRAR;REG_DATE;EXP_DATE
godgives.faith,true,true,,
goals.soccer,true,true,,
girlsshoes.store,false,false,REGISTRAR;REG_DATE;EXP_DATE,REGISTRAR;REG_DATE;EXP_DATE
getting.rich,false,true,REGISTRAR,
get.career,false,false,REGISTRAR;REG_DATE;EXP_DATE,REGISTRAR;REG_DATE;EXP_DATE
geo-army.ge,false,false,REGISTRAR;REG_DATE;EXP_DATE,REGISTRAR;REG_DATE;EXP_DATE
gays.moe,false,false,REGISTRAR;REG_DATE;EXP_DATE,REGISTRAR;REG_DATE;EXP_DATE
gaypages.lgbt,true,true,,
gameplan.coach,true,true,,
g.af,false,false,REGISTRAR;REG_DATE;EXP_DATE,REGISTRAR;REG_DATE;EXP_DATE
fx.mw,false,false,REGISTRAR;REG_DATE;EXP_DATE,REGISTRAR;REG_DATE;EXP_DATE
fun.security,false,false,REGISTRAR;REG_DATE;EXP_DATE,REGISTRAR;REG_DATE;EXP_DATE
Fuel.xyz,true,false,,REGISTRAR;REG_DATE;EXP_DATE
Friseur.salon,true,true,,
freepornproject.om,false,false,REGISTRAR;REG_DATE;EXP_DATE,REGISTRAR;REG_DATE;EXP_DATE
fotos.xxx,false,true,REG_DATE;EXP_DATE,
Foto.events,true,true,,
forrent.equipment,true,true,,
forexmmcis.uz,false,false,REGISTRAR;REG_DATE;EXP_DATE,REGISTRAR;REG_DATE;EXP_DATE
Forex.ng,false,false,REGISTRAR;REG_DATE;EXP_DATE,REGISTRAR;REG_DATE;EXP_DATE
forex.mq,false,false,REGISTRAR;REG_DATE;EXP_DATE,REGISTRAR;REG_DATE;EXP_DATE
forever.miami,false,false,REGISTRAR;REG_DATE;EXP_DATE,REGISTRAR;REG_DATE;EXP_DATE
for.mt,false,false,REGISTRAR;REG_DATE;EXP_DATE,REGISTRAR;REG_DATE;EXP_DATE
football.sale,true,true,,
football.gw,false,false,REGISTRAR;REG_DATE;EXP_DATE,REGISTRAR;REG_DATE;EXP_DATE
flight.madrid,false,false,REGISTRAR;REG_DATE;EXP_DATE,REGISTRAR;REG_DATE;EXP_DATE
fishmarkets.sydney,true,true,,
findlocal.florist,true,true,,
film.pet,true,true,,
film.movie,true,true,,
ferrari.gt,false,false,REGISTRAR;REG_DATE;EXP_DATE,REGISTRAR;REG_DATE;EXP_DATE
fembot.ai,false,false,REGISTRAR;REG_DATE;EXP_DATE,REGISTRAR;REG_DATE;EXP_DATE
fcuk.design,true,true,,
FBI.associates,false,false,REGISTRAR;REG_DATE;EXP_DATE,REGISTRAR;REG_DATE;EXP_DATE
farmacy.moscow,false,false,REGISTRAR;REG_DATE;EXP_DATE,REGISTRAR;REG_DATE;EXP_DATE
Faithless.music,false,false,REGISTRAR;REG_DATE;EXP_DATE,REGISTRAR;REG_DATE;EXP_DATE
fair.flights,true,true,,
fag.tf,false,false,REGISTRAR;REG_DATE;EXP_DATE,REGISTRAR;REG_DATE;EXP_DATE
FACIAL.pictures,false,false,REGISTRAR;REG_DATE;EXP_DATE,REGISTRAR;REG_DATE;EXP_DATE
facebook.xn--9dbq2a,false,false,REGISTRAR;REG_DATE;EXP_DATE,REGISTRAR;REG_DATE;EXP_DATE
facebook.ne,false,false,REGISTRAR;REG_DATE;EXP_DATE,REGISTRAR;REG_DATE;EXP_DATE
facebook.cx,false,false,REGISTRAR;REG_DATE;EXP_DATE,REGISTRAR;REG_DATE;EXP_DATE
exyu.accountant,true,true,,
extreme.coffee,true,true,,
ex-military.careers,false,false,REGISTRAR;REG_DATE;EXP_DATE,REGISTRAR;REG_DATE;EXP_DATE
European.cricket,true,true,,
euro.tube,true,true,,
eSports.racing,true,true,,
equitycrowdfunding.blog,false,true,REGISTRAR;REG_DATE;EXP_DATE,
enter.bet,true,true,,
encuentros.barcelona,true,true,,
Emirates.day,false,false,REGISTRAR;REG_DATE;EXP_DATE,REGISTRAR;REG_DATE;EXP_DATE
emblem.co,true,true,,
emails.live,true,true,,
email.tienda,true,true,,
email.ryukyu,true,true,,
email.reise,true,true,,
email.nrw,true,true,,
email.mba,true,true,,
email.hospital,true,true,,
email.ceo,false,true,REGISTRAR;REG_DATE;EXP_DATE,
email.bingo,true,true,,
electricbikes.ky,false,false,REGISTRAR;REG_DATE;EXP_DATE,REGISTRAR;REG_DATE;EXP_DATE
ELECTRIC.lighting,true,true,,
efood.bg,false,false,REGISTRAR;REG_DATE;EXP_DATE,REGISTRAR;REG_DATE;EXP_DATE
educate.today,true,true,,
ecommerce.money,true,true,,
eCasino.guru,false,false,REGISTRAR;REG_DATE;EXP_DATE,REGISTRAR;REG_DATE;EXP_DATE
ebay.hn,false,false,REGISTRAR;REG_DATE;EXP_DATE,REGISTRAR;REG_DATE;EXP_DATE
easylnk.tk,false,false,REGISTRAR;REG_DATE;EXP_DATE,REGISTRAR;REG_DATE;EXP_DATE
EarthLiving.tv,true,true,,
EarthDay.in,false,true,REGISTRAR;REG_DATE;EXP_DATE,
earlylearning.academy,true,true,,
e-mail.vodka,true,true,,
e-mail.study,true,true,,
e-mail.schule,true,true,,
e-mail.quebec,true,true,,
E-Mail.promo,true,true,,
e-mail.foundation,true,true,,
e-mail.flowers,false,false,REGISTRAR;REG_DATE;EXP_DATE,REGISTRAR;REG_DATE;EXP_DATE
e-mail.family,true,true,,
e-mail.doctor,true,true,,
e-mail.cymru,true,true,,
e-mail.attorney,true,true,,
dvd.vu,false,false,REGISTRAR;REG_DATE;EXP_DATE,REGISTRAR;REG_DATE;EXP_DATE
Duproprio.estate,false,false,REGISTRAR;REG_DATE;EXP_DATE,REGISTRAR;REG_DATE;EXP_DATE
dubai.chat,true,true,,
druck.jetzt,true,true,,
drinks.energy,true,true,,
download.contact,true,true,,
DontGet.exposed,true,true,,
domainhostings.ga,false,false,REGISTRAR;REG_DATE;EXP_DATE,REGISTRAR;REG_DATE;EXP_DATE
domainer.mx,false,true,REGISTRAR;REG_DATE;EXP_DATE,
divecharters.net,false,false,REGISTRAR;REG_DATE;EXP_DATE,REGISTRAR;REG_DATE;EXP_DATE
dive.biz,true,true,,
Disneyland.viajes,false,false,REGISTRAR;REG_DATE;EXP_DATE,REGISTRAR;REG_DATE;EXP_DATE
disney.re,false,false,REGISTRAR;REG_DATE;EXP_DATE,REGISTRAR;REG_DATE;EXP_DATE
directly.online,true,true,,
Diligence.engineer,true,true,,
diamond.cruises,true,true,,
DHAKA.ws,true,true,,
dhaba.desi,false,true,REGISTRAR;REG_DATE;EXP_DATE,
devops.support,true,true,,
deluxe.tokyo,false,false,REGISTRAR;REG_DATE;EXP_DATE,REGISTRAR;REG_DATE;EXP_DATE
DeJong.email,true,true,,
defi.ngo,true,true,,
decentralized.trading,false,false,REGISTRAR;REG_DATE;EXP_DATE,REGISTRAR;REG_DATE;EXP_DATE
decentralized.feedback,false,false,REGISTRAR;REG_DATE;EXP_DATE,REGISTRAR;REG_DATE;EXP_DATE
DebtConsolidation.de,false,false,REGISTRAR;REG_DATE;EXP_DATE,REGISTRAR;REG_DATE;EXP_DATE
dating.ms,false,false,REG_DATE;EXP_DATE,REGISTRAR;REG_DATE;EXP_DATE
datedate.date,true,true,,
DATACENTER.city,true,true,,
dao.xn--5tzm5g,false,false,REGISTRAR;REG_DATE;EXP_DATE,REGISTRAR;REG_DATE;EXP_DATE
custom.motorcycles,false,true,REGISTRAR;REG_DATE;EXP_DATE,
Cupon.uno,false,false,REGISTRAR;REG_DATE;EXP_DATE,REGISTRAR;REG_DATE;EXP_DATE
cryptocurrencies.cfd,false,false,REGISTRAR;REG_DATE;EXP_DATE,REGISTRAR;REG_DATE;EXP_DATE
cruise.dating,false,false,REGISTRAR;REG_DATE;EXP_DATE,REGISTRAR;REG_DATE;EXP_DATE
cro.sex,false,false,REGISTRAR;REG_DATE;EXP_DATE,REGISTRAR;REG_DATE;EXP_DATE
creditcard.loans,true,true,,
craft.works,true,true,,
cover.claims,true,true,,
course.place,true,true,,
course.gq,false,false,REGISTRAR;REG_DATE;EXP_DATE,REGISTRAR;REG_DATE;EXP_DATE
connections.london,false,true,REGISTRAR;REG_DATE;EXP_DATE,
condos.onl,false,false,REGISTRAR;REG_DATE;EXP_DATE,REGISTRAR;REG_DATE;EXP_DATE
compra.juegos,true,true,,
compare.creditcard,true,true,,
coin.ug,false,false,REGISTRAR;REG_DATE;EXP_DATE,REGISTRAR;REG_DATE;EXP_DATE
coin.tg,false,false,REGISTRAR;REG_DATE;EXP_DATE,REGISTRAR;REG_DATE;EXP_DATE
coffee.computer,true,true,,
co.tz,false,false,REGISTRAR;REG_DATE;EXP_DATE,REGISTRAR;REG_DATE;EXP_DATE
co.inc,false,true,REGISTRAR;REG_DATE;EXP_DATE,
clubs.hockey,true,true,,
clearance.toys,true,true,,
classic.hm,false,false,REGISTRAR;REG_DATE;EXP_DATE,REGISTRAR;REG_DATE;EXP_DATE
classic.catering,true,true,,
City.team,true,true,,
cirebon.coop,false,false,REGISTRAR;REG_DATE;EXP_DATE,REGISTRAR;REG_DATE;EXP_DATE
chinesedelivery.menu,false,true,REGISTRAR,
chinese.holdings,true,true,,
cheapo.domains,true,true,,
Cheap.fans,false,false,REGISTRAR;REG_DATE;EXP_DATE,REGISTRAR;REG_DATE;EXP_DATE
chat.dentist,false,false,REGISTRAR;REG_DATE;EXP_DATE,REGISTRAR;REG_DATE;EXP_DATE
chapter11.legal,true,true,,
changenfx.management,false,false,REGISTRAR;REG_DATE;EXP_DATE,REGISTRAR;REG_DATE;EXP_DATE
celebrities.pics,false,true,REGISTRAR;REG_DATE;EXP_DATE,
CBSRADIO.fm,false,false,REGISTRAR;REG_DATE;EXP_DATE,REGISTRAR;REG_DATE;EXP_DATE
catsitter.reviews,false,false,REGISTRAR;REG_DATE;EXP_DATE,REGISTRAR;REG_DATE;EXP_DATE
casinos.tj,false,false,REGISTRAR;REG_DATE;EXP_DATE,REGISTRAR;REG_DATE;EXP_DATE
casino.mo,false,false,REGISTRAR;REG_DATE;EXP_DATE,REGISTRAR;REG_DATE;EXP_DATE
casino.kn,false,false,REGISTRAR;REG_DATE;EXP_DATE,REGISTRAR;REG_DATE;EXP_DATE
CASINO.aw,false,false,REGISTRAR;REG_DATE;EXP_DATE,REGISTRAR;REG_DATE;EXP_DATE
carinsurance.mr,false,false,REGISTRAR;REG_DATE;EXP_DATE,REGISTRAR;REG_DATE;EXP_DATE
careers.help,true,true,,
capitalist.top,false,false,REGISTRAR;REG_DATE;EXP_DATE,REGISTRAR;REG_DATE;EXP_DATE
cams.fi,false,false,REGISTRAR;REG_DATE;EXP_DATE,REGISTRAR;REG_DATE;EXP_DATE
calvinklein.al,false,false,REGISTRAR;REG_DATE;EXP_DATE,REGISTRAR;REG_DATE;EXP_DATE
CAB.llc,true,true,,
BUYTHE.best,false,true,REGISTRAR;REG_DATE;EXP_DATE,
buildanew.house,true,true,,
budweiser.rodeo,true,true,,
btc.gm,false,false,REGISTRAR;REG_DATE;EXP_DATE,REGISTRAR;REG_DATE;EXP_DATE
btc.bible,false,false,REGISTRAR;REG_DATE;EXP_DATE,REGISTRAR;REG_DATE;EXP_DATE
broad.media,true,true,,
brand.new,false,false,REGISTRAR;REG_DATE;EXP_DATE,REGISTRAR;REG_DATE;EXP_DATE
brain.engineering,true,true,,
boursede.paris,false,false,REGISTRAR;REG_DATE;EXP_DATE,REGISTRAR;REG_DATE;EXP_DATE
Boston.ml,false,false,REGISTRAR;REG_DATE;EXP_DATE,REGISTRAR;REG_DATE;EXP_DATE
BOOKINGS.rocks,false,false,REGISTRAR;REG_DATE;EXP_DATE,REGISTRAR;REG_DATE;EXP_DATE
booking.sn,false,false,REGISTRAR;REG_DATE;EXP_DATE,REGISTRAR;REG_DATE;EXP_DATE
book.museum,false,false,REGISTRAR;REG_DATE;EXP_DATE,REGISTRAR;REG_DATE;EXP_DATE
boner.solutions,true,true,,
bogo.qpon,false,false,REGISTRAR;REG_DATE;EXP_DATE,REGISTRAR;REG_DATE;EXP_DATE
bmw.gives,false,false,REGISTRAR;REG_DATE;EXP_DATE,REGISTRAR;REG_DATE;EXP_DATE
BLUEARCO.sa,false,false,REGISTRAR;REG_DATE;EXP_DATE,REGISTRAR;REG_DATE;EXP_DATE
blog.okinawa,true,true,,
blockchain.observer,false,false,REGISTRAR;REG_DATE;EXP_DATE,REGISTRAR;REG_DATE;EXP_DATE
blockchain.eus,false,false,REGISTRAR;REG_DATE;EXP_DATE,REGISTRAR;REG_DATE;EXP_DATE
blockbuster.ooo,false,false,REGISTRAR;REG_DATE;EXP_DATE,REGISTRAR;REG_DATE;EXP_DATE
block-chain.broker,false,false,REGISTRAR;REG_DATE;EXP_DATE,REGISTRAR;REG_DATE;EXP_DATE
bitland.icu,false,false,REGISTRAR;REG_DATE;EXP_DATE,REGISTRAR;REG_DATE;EXP_DATE
bitcoins.gy,false,false,REGISTRAR;REG_DATE;EXP_DATE,REGISTRAR;REG_DATE;EXP_DATE
bitcoin.xn--unup4y,false,false,REGISTRAR;REG_DATE;EXP_DATE,REGISTRAR;REG_DATE;EXP_DATE
bitcoin.xn--mk1bu44c,false,false,REGISTRAR;REG_DATE;EXP_DATE,REGISTRAR;REG_DATE;EXP_DATE
bitcoin.run,true,true,,
bitcoin.hiv,true,true,,
bitcoin.dog,true,true,,
bitcoin.christmas,false,true,REGISTRAR;REG_DATE;EXP_DATE,
bit.forex,false,false,REGISTRAR;REG_DATE;EXP_DATE,REGISTRAR;REG_DATE;EXP_DATE
biobit.xn--3ds443g,false,false,REGISTRAR;REG_DATE;EXP_DATE,REGISTRAR;REG_DATE;EXP_DATE
bingo.tm,false,false,REGISTRAR;REG_DATE;EXP_DATE,REGISTRAR;REG_DATE;EXP_DATE
bingo.tl,false,false,REGISTRAR;REG_DATE;EXP_DATE,REGISTRAR;REG_DATE;EXP_DATE
bingo.shop,true,true,,
bingo.bi,false,false,REGISTRAR;REG_DATE;EXP_DATE,REGISTRAR;REG_DATE;EXP_DATE
bing.sc,false,false,REGISTRAR;REG_DATE;EXP_DATE,REGISTRAR;REG_DATE;EXP_DATE
bill.eco,false,false,REGISTRAR;REG_DATE;EXP_DATE,REGISTRAR;REG_DATE;EXP_DATE
bidbid.bid,true,true,,
beyond.click,false,false,REGISTRAR;REG_DATE;EXP_DATE,REGISTRAR;REG_DATE;EXP_DATE
betwin.games,true,true,,
bet.brussels,false,false,REGISTRAR;REG_DATE;EXP_DATE,REGISTRAR;REG_DATE;EXP_DATE
best.hiphop,true,true,,
bb.bb,false,false,REGISTRAR;REG_DATE;EXP_DATE,REGISTRAR;REG_DATE;EXP_DATE
bastaya.es,false,false,REGISTRAR;REG_DATE;EXP_DATE,REGISTRAR;REG_DATE;EXP_DATE
baobinhduong.cf,false,false,REGISTRAR;REG_DATE;EXP_DATE,REGISTRAR;REG_DATE;EXP_DATE
banque.cm,false,false,REGISTRAR;REG_DATE;EXP_DATE,REGISTRAR;REG_DATE;EXP_DATE
bangkokrestaurant.rest,false,false,REGISTRAR;REG_DATE;EXP_DATE,REGISTRAR;REG_DATE;EXP_DATE
bangkok.hamburg,false,false,REGISTRAR;REG_DATE;EXP_DATE,REGISTRAR;REG_DATE;EXP_DATE
bambooflooring.melbourne,true,true,,
bad.health,true,true,,
awe.sm,false,false,REGISTRAR;REG_DATE;EXP_DATE,REGISTRAR;REG_DATE;EXP_DATE
avicii.dj,false,false,REGISTRAR;REG_DATE;EXP_DATE,REGISTRAR;REG_DATE;EXP_DATE
aventura.properties,true,true,,
ava.wine,true,true,,
autoscout24.tel,true,true,,
autonomous.boats,false,true,REGISTRAR;REG_DATE;EXP_DATE,
auto.surf,true,true,,
auto.pa,false,false,REGISTRAR;REG_DATE;EXP_DATE,REGISTRAR;REG_DATE;EXP_DATE
aus.country,false,false,REGISTRAR;REG_DATE;EXP_DATE,REGISTRAR;REG_DATE;EXP_DATE
AU.uk,false,true,REGISTRAR;REG_DATE;EXP_DATE,
asset.fund,true,true,,
aspen.party,true,true,,
arte.moda,true,true,,
art.boutique,true,true,,
arizona.ventures,true,true,,
arizona.graphics,true,true,,
architect.archi,true,true,,
aquariums.info,true,true,,
apuestas.red,true,true,,
apt.trade,false,false,REGISTRAR;REG_DATE;EXP_DATE,REGISTRAR;REG_DATE;EXP_DATE
apps.mk,false,false,REGISTRAR;REG_DATE;EXP_DATE,REGISTRAR;REG_DATE;EXP_DATE
app.how,true,true,,
apostas.casa,true,true,,
api.quest,false,true,REGISTRAR;REG_DATE;EXP_DATE,
aperfect.gift,true,true,,
aol.ee,false,false,REGISTRAR;REG_DATE;EXP_DATE,REGISTRAR;REG_DATE;EXP_DATE
androidap.ps,false,false,REGISTRAR;REG_DATE;EXP_DATE,REGISTRAR;REG_DATE;EXP_DATE
anaplan.consulting,false,false,REGISTRAR;REG_DATE;EXP_DATE,REGISTRAR;REG_DATE;EXP_DATE
anamikakhanna.fashion,true,true,,
analytics.global,false,false,REGISTRAR;REG_DATE;EXP_DATE,REGISTRAR;REG_DATE;EXP_DATE
anal.sh,false,false,REGISTRAR;REG_DATE;EXP_DATE,REGISTRAR;REG_DATE;EXP_DATE
anal.kz,false,false,REGISTRAR;EXP_DATE,REGISTRAR;REG_DATE;EXP_DATE
america.vote,true,true,,
america.care,true,true,,
amazing.property,false,false,REGISTRAR;REG_DATE;EXP_DATE,REGISTRAR;REG_DATE;EXP_DATE
amazing.cooking,true,true,,
amazing.beer,true,true,,
altcoin.luxe,false,false,REGISTRAR;REG_DATE;EXP_DATE,REGISTRAR;REG_DATE;EXP_DATE
alphabet.srl,false,false,REGISTRAR;REG_DATE;EXP_DATE,REGISTRAR;REG_DATE;EXP_DATE
alliedhealth.courses,false,false,REGISTRAR;REG_DATE;EXP_DATE,REGISTRAR;REG_DATE;EXP_DATE
alibaba.ltda,false,false,REGISTRAR;REG_DATE;EXP_DATE,REGISTRAR;REG_DATE;EXP_DATE
ali.rip,false,false,REGISTRAR;REG_DATE;EXP_DATE,REGISTRAR;REG_DATE;EXP_DATE
alexandria.buzz,false,false,REGISTRAR;REG_DATE;EXP_DATE,REGISTRAR;REG_DATE;EXP_DATE
alaska.diamonds,false,false,REGISTRAR;REG_DATE;EXP_DATE,REGISTRAR;REG_DATE;EXP_DATE
alarmanlage.haus,true,true,,
akuro.ro,false,false,REGISTRAR;REG_DATE;EXP_DATE,REGISTRAR;REG_DATE;EXP_DATE
air.porn,false,false,REGISTRAR;REG_DATE;EXP_DATE,REGISTRAR;REG_DATE;EXP_DATE
air.express,true,true,,
air-duct.cleaning,true,true,,
AIMSEND.com,true,true,,
ai.realty,false,false,REGISTRAR;REG_DATE;EXP_DATE,REGISTRAR;REG_DATE;EXP_DATE
agoda.mu,false,false,REGISTRAR;REG_DATE;EXP_DATE,REGISTRAR;REG_DATE;EXP_DATE
aftermarket.parts,true,true,,
advertising.mn,false,false,REGISTRAR;REG_DATE;EXP_DATE,REGISTRAR;REG_DATE;EXP_DATE
adventure.show,true,true,,
ad-hoc.news,true,true,,
acheter.maison,true,true,,
accountingsoftware.download,false,false,REGISTRAR;REG_DATE;EXP_DATE,REGISTRAR;REG_DATE;EXP_DATE
accountant.tax,true,true,,
abudhabiworld.ae,false,false,REG_DATE;EXP_DATE,REGISTRAR;REG_DATE;EXP_DATE
abc.auction,false,false,REGISTRAR;REG_DATE;EXP_DATE,REGISTRAR;REG_DATE;EXP_DATE
aaa.bargains,false,false,REGISTRAR;REG_DATE;EXP_DATE,REGISTRAR;REG_DATE;EXP_DATE
a.td,false,false,REGISTRAR;REG_DATE;EXP_DATE,REGISTRAR;REG_DATE;EXP_DATE
999.direct,true,true,,
89.ax,false,false,REGISTRAR;REG_DATE;EXP_DATE,REGISTRAR;REG_DATE;EXP_DATE
888.sy,false,false,REGISTRAR;REG_DATE;EXP_DATE,REGISTRAR;REG_DATE;EXP_DATE
69.am,true,false,,REGISTRAR;REG_DATE;EXP_DATE
4x4.camp,true,true,,
4sale.hk,false,false,REGISTRAR,REGISTRAR;REG_DATE;EXP_DATE
4free.webcam,false,false,REGISTRAR;REG_DATE;EXP_DATE,REGISTRAR;REG_DATE;EXP_DATE
360.style,true,true,,
360.shopping,true,true,,
360.navy,true,true,,
360.market,true,true,,
360.fishing,true,true,,
360.army,true,true,,
360.airforce,true,true,,
222.network,true,true,,
20.sd,false,false,REGISTRAR;REG_DATE;EXP_DATE,REGISTRAR;REG_DATE;EXP_DATE
1.gp,false,false,REGISTRAR;REG_DATE;EXP_DATE,REGISTRAR;REG_DATE;EXP_DATE
